{
	"metadata": {
		"version": 4.4,
		"type": "Object",
		"generator": "Object3D.toJSON"
	},
	"geometries": [
		{
			"uuid": "8975D035-A86C-47DC-A755-663199450BA1",
			"type": "LatheBufferGeometry",
			"points": [
				{
					"x": 0,
					"y": 0
				},
				{
					"x": 4,
					"y": 0
				},
				{
					"x": 3.5,
					"y": 0.5
				},
				{
					"x": 1,
					"y": 0.75
				},
				{
					"x": 0.8,
					"y": 1
				},
				{
					"x": 0.8,
					"y": 4
				},
				{
					"x": 1,
					"y": 4.2
				},
				{
					"x": 1.4,
					"y": 4.8
				},
				{
					"x": 2,
					"y": 5
				},
				{
					"x": 2.5,
					"y": 5.4
				},
				{
					"x": 3,
					"y": 12
				}],
			"segments": 20,
			"phiStart": 0,
			"phiLength": 6.283185307179586
		}],
	"materials": [
		{
			"uuid": "4FA15335-73F8-4382-B998-451F7236D1B4",
			"type": "MeshStandardMaterial",
			"color": 16777215,
			"roughness": 0.5,
			"metalness": 0.5,
			"emissive": 0,
			"side": 2
		}],
	"object": {
		"uuid": "16787DEE-8A0C-4B66-8C75-C0F6FFFFC8D5",
		"type": "Mesh",
		"name": "Lathe 1",
		"matrix": [1,0,0,0,0,1,0,0,0,0,1,0,0,0,0,1],
		"geometry": "8975D035-A86C-47DC-A755-663199450BA1",
		"material": "4FA15335-73F8-4382-B998-451F7236D1B4"
	}
}